epoch,loss,hr@10,ndcg@10,alpha,beta,time_sec
1,6.546199558273194,0.029890735546531585,0.01355094146820972,nan,nan
2,5.881190678429982,0.06093272491313267,0.02926267649465775,nan,nan
3,5.514769096223135,0.06497257922719471,0.03160792687084937,nan,nan
4,5.369392605054946,0.06723322309205844,0.03340572364614992,nan,nan
5,5.279532682327997,0.07010089169841337,0.03432947391685723,nan,nan
6,5.217802948421902,0.07141960061958387,0.0347273442127467,nan,nan
7,5.164526065190633,0.0733662661698832,0.03608235291732396,nan,nan
8,5.121394057122488,0.07562691003474693,0.03641970120766454,nan,nan
9,5.084670180366153,0.0743709967764893,0.03656410675641613,nan,nan
10,5.048926342101324,0.07818060032653745,0.038542117045956205,nan,nan
11,5.020787152033003,0.08098547326997949,0.04007890166098571,nan,nan
12,4.995856922770304,0.07937371792188219,0.03879488184002715,nan,nan
13,4.966738144556682,0.08000167455101101,0.03988159700253489,nan,nan
14,4.942323291112507,0.07849457864110186,0.03886811496289203,nan,nan
15,4.916248802154783,0.07985515133754761,0.03963510523626658,nan,nan
16,4.894183134275769,0.08171808933729643,0.040740712920991566,nan,nan
17,4.873621490266588,0.08002260643864864,0.039405370479300074,nan,nan
18,4.852840550362118,0.08201113576422321,0.04031175751786262,nan,nan
19,4.834548062748379,0.08180181688784695,0.040750770311852334,nan,nan
20,4.814126237990364,0.07958303679825847,0.03942804827121483,nan,nan
21,4.79774720706637,0.08075522250596559,0.039804900970042044,nan,nan
22,4.780671995783609,0.08016912965211202,0.04004167501649449,nan,nan
23,4.767206615871853,0.07928999037133169,0.03970175960332544,nan,nan
