epoch,loss,hr@10,ndcg@10,alpha,beta,time_sec
1,6.3612628361535455,0.04010549671369364,0.01886167167028199,0.4995588958263397,0.484422892332077
2,5.6718273087153355,0.06262820781178047,0.03001884490702446,0.5128516554832458,0.47949105501174927
3,5.393272884308346,0.06725415497969607,0.0328011930232817,0.534153938293457,0.4788488447666168
4,5.273347794063508,0.07146146439485913,0.034726237343478426,0.5559059381484985,0.4731171727180481
5,5.192994764872959,0.07487336207979235,0.036972435236343894,0.5773313045501709,0.46482357382774353
6,5.131120715822492,0.07688282329300457,0.037433997815230546,0.5990091562271118,0.4550836682319641
7,5.0785913486329335,0.07679909574245405,0.03787693968218579,0.6196672916412354,0.44594597816467285
8,5.0317661175652155,0.07987608322518525,0.039380385893004695,0.6394770741462708,0.43699368834495544
9,4.991144025136554,0.07830619165236322,0.03840410933156177,0.6566978096961975,0.42858076095581055
