epoch,loss,hr@10,ndcg@10,alpha,beta,time_sec
1,6.238132611153618,0.040000837275505505,0.018847739715387245,0.4970860779285431,0.4808881878852844
2,5.632662487408472,0.06606103738435132,0.03173811315575907,0.5084882378578186,0.4739236533641815
3,5.344611330637856,0.07150332817013438,0.0351812488039027,0.5255784392356873,0.471285879611969
4,5.217827965342809,0.07518734039435676,0.03767125085842015,0.5458599925041199,0.4676661491394043
5,5.1346292949858165,0.07801314522543643,0.03838996073984703,0.5657311081886292,0.4623049199581146
6,5.073217390075563,0.07954117302298322,0.03954105089316725,0.5840374231338501,0.45416027307510376
7,5.022147320565724,0.07995981077573576,0.03993449516893133,0.6029244065284729,0.44788244366645813
8,4.9742586309947665,0.08029472097793779,0.039929274455526735,0.6205158829689026,0.4416888356208801
