epoch,loss,hr@10,ndcg@10,alpha,beta,time_sec
1,6.596695129833524,0.017143215975216643,0.008150255663588086,0.451585054397583,nan
2,6.024533334232512,0.042073094151630595,0.020758462318872444,0.42751815915107727,nan
3,5.702175670199924,0.05551136601498723,0.027616505841446714,0.40732911229133606,nan
4,5.433821420820933,0.0617281366433625,0.03130158283307575,0.38834258913993835,nan
5,5.2531387976237705,0.06656340268765437,0.03346873432474229,0.3756515085697174,nan
6,5.126638851468525,0.07091723531628082,0.036184144912633,0.362815260887146,nan
7,5.0268105249556285,0.07060325700171642,0.03657126208477124,0.35036662220954895,nan
8,4.936205566875518,0.0719847615857998,0.0375045380700603,0.33701708912849426,nan
