epoch,loss,hr@10,ndcg@10,alpha,beta,time_sec
1,6.427103931941684,0.02748356846820446,0.01294550053576624,0.48305413126945496,0.45743751525878906
2,5.625327564421154,0.05134592037509943,0.025320300517933325,0.5141386985778809,0.5076919794082642
3,5.2859997219509545,0.06097458868840792,0.03011637665377885,0.525789201259613,0.5494592189788818
4,5.107046146241445,0.06507723866538284,0.03257537677191703,0.5363364219665527,0.5909379124641418
5,4.968317917415074,0.06721229120442082,0.03371149427246337,0.5493892431259155,0.6296848654747009
6,4.83252277260735,0.07284296897894252,0.03651534279241476,0.562086820602417,0.6666898727416992
7,4.696956942951869,0.07261271821492862,0.036209535881028675,0.5718966126441956,0.7012826204299927
8,4.559304379281544,0.07679909574245405,0.03933330117382177,0.5821425318717957,0.7313272953033447
9,4.426929112464663,0.07487336207979235,0.03842563849085183,0.5913850665092468,0.7561051249504089
