epoch,loss,hr@10,ndcg@10,alpha,beta,time_sec
1,6.826228143676879,0.018713107548038684,0.00943007800815808,0.4895726442337036,nan
2,5.975012996840099,0.042387072466195004,0.020190900355536782,0.5321449637413025,nan
3,5.462414942090473,0.05624398208230418,0.027420725686552683,0.5545204281806946,nan
4,5.16705386222355,0.06298404990162013,0.030851793418910343,0.5708130598068237,nan
5,4.9230321532204036,0.06911709297944489,0.034773406780743754,0.5836083292961121,nan
6,4.7079321429842995,0.07148239628249675,0.03695781579697301,0.5935381054878235,nan
7,4.515856455242823,0.06959852639511031,0.036570947240470456,0.5994726419448853,nan
